,city,country,lat,long,temperature,humidity,cloudiness,wind speed
0,sinnamary,gf,5.3746712,-52.9545991,81.46400000000003,79,33,4.03
1,henties bay,na,-22.1134964,14.2832038,68.0,27,0,3.81
2,puerto ayacucho,ve,5.6614718,-67.58277439999999,84.2,74,40,4.1
3,geraldton,au,-28.7796535,114.6144452,59.0,87,40,1.5
4,kodinsk,ru,58.60767269999999,99.1779093,57.056000000000026,95,14,0.59
5,taolanaro,mg,-25.0225309,46.9853688,64.4,88,20,4.1
6,saldanha,za,-33.0276981,17.9176312,57.2,82,0,1.0
7,nikolskoye,ru,55.1981604,166.0015368,49.31600000000001,89,100,12.39
8,novikovo,ru,46.3737648,143.36014,54.932000000000016,91,46,1.69
9,genhe,cn,50.780344,121.5203881,56.641999999999996,70,0,1.23
10,qaanaaq,gl,77.4670434,-69.2284827,39.668000000000085,77,17,1.31
11,ostrovnoy,ru,68.0603191,39.4740385,55.22000000000006,57,100,7.12
12,iskateley,ru,67.6766098,53.1295176,53.34800000000003,73,100,4.63
13,illoqqortoormiut,gl,70.48556909999999,-21.9628757,47.42600000000009,57,0,1.74
14,rikitea,pf,-23.1223034,-134.9691543,69.24199999999999,60,3,7.07
15,severo-kurilsk,ru,50.6683424,156.115192,48.812000000000054,76,19,6.05
16,ushuaia,ar,-54.8019121,-68.3029511,30.2,80,0,2.6
17,kalaleh,ir,37.3833017,55.5025595,75.2,69,0,1.0
18,waipawa,nz,-39.9416112,176.5896379,41.0,89,27,1.34
19,kushiro,jp,42.9849413,144.3818041,60.00800000000001,98,100,4.23
20,cape town,za,-33.9248685,18.4240553,52.39400000000008,100,0,1.5
21,ayorou,ne,14.7328144,0.9104334,81.42800000000007,68,100,10.31
22,yellowknife,ca,62.4539717,-114.3717887,75.21800000000009,36,20,4.6
23,kruisfontein,za,-33.9843356,24.732102,50.45,71,0,2.15
24,barrow,us,71.29055559999999,-156.788611,37.4,93,90,2.6
25,avarua,ck,-21.2129007,-159.7823059,78.80000000000001,69,58,8.2
26,airai,pw,7.396611799999999,134.5690225,77.0,88,75,0.79
27,punta arenas,cl,-53.1638329,-70.9170683,32.0,94,75,2.1
28,baykit,ru,61.6833669,96.38062029999999,56.53399999999999,65,0,0.32
29,bengkulu,id,-3.792845099999999,102.2607641,75.50600000000003,80,18,1.94
30,sozimskiy,ru,59.7473379,52.2493123,42.13399999999999,82,70,1.23
31,bredasdorp,za,-34.5385222,20.0568771,50.0,93,100,2.1
32,port alfred,za,-33.5864065,26.8851448,55.004000000000055,91,0,1.79
33,kundiawa,pg,-6.0240888,144.9694441,63.5,81,100,0.61
34,great bend,us,38.3644567,-98.7648073,99.35600000000004,41,1,7.7
35,upernavik,gl,72.7862882,-56.1375527,40.208000000000006,73,56,4.95
36,tsihombe,mg,-25.3168473,45.48630929999999,62.96000000000008,87,11,1.81
37,nakhon sawan,th,15.6987382,100.11996,80.51000000000008,74,99,1.89
38,north bend,us,47.4956579,-121.7867775,60.8,71,100,1.66
39,tuktoyaktuk,ca,69.445358,-133.034181,62.6,59,75,4.1
40,harbour breton,ca,47.4774987,-55.8258748,57.236000000000075,99,100,4.66
41,hobyo,so,5.3515922,48.5249751,80.16800000000009,71,100,11.38
42,vaini,to,-21.1935,-175.1751534,75.2,78,75,5.1
43,talnakh,ru,69.5,88.39999999999999,51.8,87,0,4.0
44,port macquarie,au,-31.433333,152.9,44.780000000000044,93,1,1.5
45,mudgee,au,-32.6144566,149.5733291,32.0,89,40,1.5
46,tarudant,ma,30.4727126,-8.8748765,69.80000000000001,83,0,0.88
47,rochester,us,43.15657789999999,-77.6088465,74.75,57,75,6.2
48,atuona,pf,-9.8028605,-139.0398069,79.30400000000006,78,12,8.9
49,bethel,us,36.0599965,-95.797855,89.47400000000002,59,90,7.2
50,chumikan,ru,54.7165204,135.3084384,44.978000000000065,96,99,2.25
51,cabo san lucas,mx,22.8905327,-109.9167371,84.21800000000009,69,40,7.2
52,sao gabriel da cachoeira,br,-0.1155659,-67.0883053,82.72400000000002,83,85,0.72
53,hobart,au,-42.8821377,147.3271949,37.61600000000001,93,20,2.6
54,puerto carreno,co,6.1899117,-67.48256959999999,84.2,74,40,4.1
55,chapais,ca,49.78221,-74.85248,84.2,37,1,4.1
56,constitucion,mx,29.9199404,-106.7960624,89.94200000000001,17,22,3.44
57,sao jose da coroa grande,br,-8.8943011,-35.1502449,75.90200000000007,82,27,3.52
58,new norfolk,au,-42.7828332,147.0593848,37.22000000000006,86,67,0.99
59,tumannyy,ru,68.878911,35.6675264,52.25,83,100,6.63
60,mnogovershinnyy,ru,53.9356435,139.9198436,44.67200000000004,99,100,2.15
61,namibe,ao,-15.1978317,12.1575544,69.83600000000007,84,88,2.24
62,kenai,us,60.55444439999999,-151.2583333,60.76400000000004,55,1,2.1
63,lamtah,tn,35.674707,10.8761941,84.092,51,0,3.1
64,buraydah,sa,26.3592309,43.98181200000001,95.0,21,0,3.1
65,parvatipuram,in,18.7817162,83.42675179999999,80.02400000000002,87,62,1.16
66,ilulissat,gl,69.2198118,-51.0986031,44.6,75,75,2.1
67,karratha,au,-20.7337105,116.8447425,69.47600000000008,57,99,0.54
68,kaitangata,nz,-46.28334,169.8470967,44.00600000000003,69,100,3.13
69,puerto ayora,ec,-0.7432918,-90.3156893,75.092,69,40,9.3
70,provideniya,ru,64.4031643,-173.2064559,44.6,87,90,6.0
71,ewa beach,us,21.313149,-158.0089992,83.84000000000003,58,75,4.1
72,longyearbyen,sj,78.22317220000001,15.6267229,44.6,58,75,4.1
73,sentyabrskiy,ru,60.49545690000001,72.2080598,46.58000000000004,93,77,2.17
74,dalvik,is,65.97070029999999,-18.5326926,53.6,58,1,4.6
75,norman wells,ca,65.28149379999999,-126.8286524,71.6,56,75,6.2
76,ribeira grande,pt,37.8210369,-25.5148137,69.80000000000001,83,20,3.1
77,mayumba,ga,-3.4426092,10.6562606,71.02400000000002,86,68,1.64
78,clyde river,ca,45.0784049,-76.43202000000001,80.02400000000002,54,13,0.45
79,nizhneyansk,ru,71.450058,136.1122279,57.61400000000003,49,7,5.92
80,namatanai,pg,-3.6528325,152.3917226,80.13200000000002,78,100,2.64
81,rabo de peixe,pt,37.8077543,-25.5829107,69.80000000000001,83,20,3.1
82,barinas,ve,8.6231498,-70.2371045,85.96400000000003,64,0,2.47
83,berlevag,no,70.7198284,29.0300862,41.0,93,75,7.2
84,bilibino,ru,68.05359949999999,166.448224,44.294000000000075,67,100,3.23
85,hermanus,za,-34.4092004,19.2504436,48.992,94,62,0.45
86,hoquiam,us,46.97704299999999,-123.8839028,60.35,72,90,8.2
87,kapaa,us,22.0881391,-159.3379818,82.16600000000001,69,40,5.1
88,lodwar,ke,3.1155165,35.6040785,87.54800000000003,30,91,1.82
89,ambilobe,mg,-13.2026069,49.0514094,67.334,82,0,1.14
90,slave lake,ca,55.27238819999999,-114.7801407,60.8,87,90,3.1
91,belushya guba,ru,71.53903389999999,52.3381368,38.588000000000044,87,100,4.29
92,amlagora,in,22.8471007,87.3350311,84.542,75,94,3.66
93,dingle,ie,52.14093889999999,-10.2640135,52.17800000000007,90,99,2.59
94,nanortalik,gl,60.1424955,-45.2394951,40.694000000000074,89,98,1.18
95,beringovskiy,ru,63.0611249,179.3485395,41.54000000000002,96,100,3.86
96,arraial do cabo,br,-22.9673373,-42.0268099,75.2,64,100,7.7
97,anisoc,gq,1.8452663,10.7464275,69.29600000000005,96,95,0.87
98,padang,id,-0.9470831999999999,100.417181,74.78600000000007,76,4,2.08
99,jirlau,ro,45.1625139,27.1962278,71.6,88,75,5.1
100,sibolga,id,1.7368371,98.78511209999999,75.29000000000002,88,98,1.78
101,katsuura,jp,35.1522272,140.3208833,75.36200000000005,100,75,7.7
102,hithadhoo,mv,-0.6060574,73.0892245,84.02000000000007,64,2,0.7
103,deputatskiy,ru,69.30260299999999,139.9583829,53.25800000000001,60,58,1.97
104,port lincoln,au,-34.7239963,135.8611498,53.438000000000045,72,0,6.98
105,bireun,id,5.1086446,96.663812,75.68600000000006,85,97,1.74
106,cecava,ba,44.6906373,17.7329988,69.80000000000001,68,0,1.0
107,shirokiy,ru,63.666667,148.333333,37.52600000000009,77,92,2.17
108,umm ruwabah,sd,12.9028236,31.2282958,89.31200000000007,42,0,6.34
109,whitehorse,ca,60.7211871,-135.0568448,63.59000000000002,45,75,1.0
110,flin flon,ca,54.7657685,-101.8762147,59.0,93,90,2.6
111,saint-philippe,re,-21.3035757,55.7356129,60.81800000000008,59,0,3.1
112,karamay,cn,45.579888,84.88920700000001,66.63200000000002,37,0,1.72
113,noumea,nc,-22.2734912,166.4480887,65.984,82,75,0.5
114,lagoa,pt,37.1356176,-8.4514359,77.09000000000003,56,0,5.22
115,mys shmidta,ru,68.8931114,-179.4125967,34.088000000000044,97,99,1.83
116,tiksi,ru,71.63748199999999,128.8644716,50.03600000000007,56,0,2.74
117,chokurdakh,ru,70.622169,147.916168,50.99000000000002,43,18,4.19
118,tasiilaq,gl,65.6134561,-37.6335696,44.6,84,100,13.4
119,broken hill,au,-31.9539135,141.4539396,53.6,34,40,5.7
120,salta,ar,-24.7821269,-65.4231976,64.4,16,20,6.2
121,busselton,au,-33.6531584,115.3454892,48.2,90,89,4.84
122,tevaitoa,pf,-16.792843,-151.4915628,78.51200000000006,73,1,11.39
123,lavrentiya,ru,65.58354899999999,-171.0389249,43.952000000000076,78,100,4.34
124,shubarkuduk,kz,49.14301649999999,56.4816745,61.682000000000016,54,64,3.22
125,san quintin,mx,30.56087669999999,-115.9379302,70.808,55,0,5.74
126,olafsvik,is,64.89604849999999,-23.7060262,50.75600000000003,89,63,4.14
127,wolfville,ca,45.0917598,-64.3598354,78.00800000000001,1,100,3.13
128,saskylakh,ru,71.954308,114.1198349,80.36600000000001,35,63,4.1
129,los llanos de aridane,es,28.6183515,-17.8998566,71.6,78,90,7.2
130,butaritari,ki,3.1166667,172.8,82.16600000000001,74,16,2.96
131,half moon bay,us,37.4635519,-122.4285862,78.11600000000001,57,5,5.1
132,wattegama,lk,7.3491464,80.6853986,69.38600000000008,86,88,1.45
133,abancay,pe,-13.6391954,-72.8929,73.61600000000001,22,1,2.67
134,xining,cn,36.617134,101.778223,55.274000000000015,82,100,0.96
135,cap malheureux,mu,-19.986874,57.61274239999999,66.99199999999999,81,0,1.34
136,klaksvik,fo,62.2271922,-6.5779064,48.2,66,94,4.1
137,victor harbor,au,-35.55,138.616667,51.00800000000001,64,0,5.72
138,vestmannaeyjar,is,63.437679,-20.267321,48.34400000000008,78,97,2.53
139,saleaula,ws,-13.4482906,-172.3367114,81.608,77,99,2.41
140,barentsburg,sj,78.0648475,14.2334597,44.6,64,75,4.1
141,havoysund,no,70.9963394,24.6621398,41.0,93,75,9.3
142,newport,us,41.4901024,-71.3128285,71.042,69,90,2.6
143,mrirt,ma,33.16271400000001,-5.5669786,78.87200000000004,43,0,1.27
144,merauke,id,-8.4991117,140.4049814,74.55200000000008,83,58,5.23
145,morant bay,jm,17.8886522,-76.3897733,80.24000000000002,88,75,6.2
146,labutta,mm,16.149328,94.7562159,80.49199999999999,84,98,5.16
147,trairi,br,-3.2742683,-39.2650652,77.30600000000004,78,0,3.74
148,senanga,zm,-16.1178235,23.2960171,57.07400000000001,36,0,2.84
149,xichang,cn,27.894504,102.264449,66.11000000000008,73,100,0.97
150,srandakan,id,-7.938720999999999,110.253601,74.984,87,92,2.69
151,lorengau,pg,-2.0298424,147.2743657,82.67000000000007,69,99,2.01
152,kuah,my,6.327060100000001,99.8395579,80.31200000000007,94,20,1.0
153,mahebourg,mu,-20.4059505,57.7034222,62.6,93,20,2.1
154,shimoda,jp,34.6796171,138.9451459,71.99600000000005,94,100,0.45
155,yarovoye,ru,52.9322752,78.57311299999999,65.78600000000007,74,0,4.2
156,cherskiy,ru,68.742677,161.3507839,46.13000000000004,67,66,4.08
157,port augusta,au,-32.4952339,137.7894394,48.74000000000002,60,0,3.1
158,catamarca,ar,-28.4715877,-65.7877209,61.483999999999995,46,70,2.68
159,palabuhanratu,id,-6.9852341,106.5475399,68.0,100,89,1.73
160,grand river south east,mu,-20.2888094,57.78141199999999,64.81400000000004,93,20,2.1
161,samusu,ws,-14.0056774,-171.4299586,82.72400000000002,76,100,3.52
162,antalaha,mg,-14.9061237,50.2785486,66.45200000000008,86,3,2.77
163,kodiak,us,57.79000000000001,-152.4072221,59.0,62,1,4.1
164,port elizabeth,za,-33.9608369,25.6022423,59.0,87,0,4.6
165,ancud,cl,-41.8675003,-73.8276965,48.02000000000007,93,90,2.6
166,palmer,us,29.5595376,-95.5471269,90.64400000000008,70,75,3.6
167,krasnoborsk,ru,55.8263313,37.326297,66.61400000000003,55,100,3.0
168,salym,ru,60.0612676,71.453642,46.274000000000015,89,80,2.03
169,eureka,us,37.8239167,-96.2891703,90.42800000000007,55,75,9.8
170,ngora,ug,1.4908115,33.75177230000001,65.94800000000004,80,62,2.51
171,bolungarvik,is,66.1517719,-23.261709,49.44199999999999,68,0,2.94
172,zhigalovo,ru,54.8129724,105.1528038,61.214000000000034,74,20,0.66
173,daru,pg,-9.078195899999999,143.2099707,76.1,84,84,6.28
174,samalaeulu,ws,-13.4973599,-172.3105939,80.924,79,100,2.72
175,port hedland,au,-20.3839142,118.6483796,64.4,59,95,2.6
176,agirish,ru,61.9276281,63.016679,43.32200000000004,76,100,1.87
177,paamiut,gl,61.99411509999999,-49.6665709,39.56000000000008,95,91,4.38
178,buala,sb,-8.1662459,159.6189829,76.96400000000003,83,17,1.32
179,guarapari,br,-20.6741197,-40.4997382,70.79000000000002,83,75,2.1
180,cidreira,br,-30.1769388,-50.2089142,61.23200000000001,87,100,12.2
181,tubuala,pa,9.537917,-79.05869299999999,77.0,94,75,2.14
182,lieksa,fi,63.3185051,30.02645279999999,55.20200000000008,88,100,14.74
183,louisville,us,38.2526647,-85.7584557,84.48800000000006,70,75,4.1
184,port-gentil,ga,-0.7351025999999999,8.7591311,75.2,83,90,4.1
185,attawapiskat,ca,52.9258846,-82.42889219999999,95.0,28,1,3.6
186,raudeberg,no,61.9829131,5.1351059,53.00600000000003,79,81,11.92
187,aksarka,ru,66.5583101,67.7877623,39.77600000000009,87,48,3.25
188,bandarbeyla,so,9.498579999999999,50.8105261,82.22000000000006,68,100,15.35
189,cuamba,mz,-14.8000877,36.5337731,61.91600000000001,77,0,4.34
190,shubarshi,kz,48.5827715,57.1849343,60.026000000000096,54,0,3.61
191,touros,br,-5.1961669,-35.4635381,78.80000000000001,78,0,5.1
192,sitka,us,57.0530556,-135.33,57.2,71,90,5.7
193,mar del plata,ar,-38.0054771,-57.5426106,49.820000000000064,76,90,8.7
194,zabol,ir,31.0323677,61.4902483,87.80000000000001,20,0,9.8
195,nome,us,30.03577,-94.42435719999999,90.44600000000005,63,75,5.7
196,tiznit,ma,29.693392,-9.732156999999999,70.84400000000008,73,0,0.58
197,savannah bight,hn,16.4851482,-85.85630069999999,82.16600000000001,83,0,8.64
198,ust-kamchatsk,ru,56.22747,162.469299,53.67200000000004,83,83,5.12
199,alta floresta,br,-9.8672231,-56.0870033,93.2,36,40,2.6
200,amderma,ru,69.751221,61.6636961,37.022000000000034,86,21,7.37
201,praia,cv,14.93305,-23.5133267,77.0,69,75,9.3
202,tingo maria,pe,-9.2976466,-76.0000202,83.01200000000006,54,8,1.43
203,puerto escondido,mx,15.8719795,-97.0767365,87.80000000000001,62,75,3.1
204,tessalit,ml,20.2573532,0.9910297999999998,95.03600000000007,10,0,5.87
205,grindavik,is,63.8441808,-22.4383818,50.0,81,90,4.1
206,fairbanks,us,64.8377778,-147.7163888,53.22200000000004,54,90,5.1
207,novyy urengoy,ru,66.09568639999999,76.65635209999999,49.478000000000065,82,90,4.12
208,suntar,ru,62.15491859999999,117.6331338,68.61200000000005,68,0,0.91
209,kahului,us,20.8893351,-156.4729469,82.14800000000002,48,40,9.3
210,college,us,41.8685058,-88.0996112,85.74800000000002,66,1,4.6
211,veraval,in,20.9158979,70.3628516,84.21800000000009,78,100,3.49
212,biak,id,-1.0381022,135.9800848,74.62400000000002,92,100,1.27
213,jiuquan,cn,39.73287,98.494548,60.76400000000004,53,0,1.63
214,kalmunai,lk,7.414383099999999,81.8306334,80.99600000000005,73,85,5.28
215,muravlenko,ru,63.793478,74.525728,45.338000000000044,92,66,4.33
216,manbij,sy,36.5352848,37.9678652,80.6,39,0,7.2
217,kangaba,ml,11.9427677,-8.4156809,81.26600000000002,66,43,1.85
218,kholm,ru,57.1472054,31.1754185,57.12800000000007,87,4,2.88
219,carnarvon,au,-24.8877473,113.6621827,55.400000000000006,100,0,3.6
220,dikson,ru,73.507735,80.53103010000001,44.24000000000002,92,98,2.43
221,fortuna,us,40.5981867,-124.1572756,61.196000000000055,82,40,8.7
222,guerrero negro,mx,27.9591758,-114.056646,76.55000000000001,47,0,7.15
223,codrington,ag,17.6425736,-61.8204456,85.53200000000001,66,40,5.1
224,ulladulla,au,-35.3572426,150.4613249,46.92200000000004,71,0,4.1
225,yarensk,ru,62.17895559999999,49.09311460000001,45.48200000000001,76,100,1.67
226,witu,ke,-2.388281,40.4376262,76.65800000000002,80,25,6.06
227,ust-bolsheretsk,ru,52.812396,156.287087,50.91800000000009,88,100,4.98
228,hilo,us,19.7241106,-155.0868193,79.77200000000005,54,20,3.6
229,hihifo,to,-15.9528061,-173.7955818,82.59800000000003,78,6,4.3
230,madera,us,36.9613356,-120.0607176,90.10400000000006,22,1,3.1
231,port blair,in,11.6233774,92.7264828,81.93200000000002,83,100,6.9
232,el mahalla el kubra,eg,30.9696706,31.168083,67.01000000000008,87,0,2.54
233,gambo,ca,48.7850799,-54.2133023,75.092,78,75,5.1
234,boyarka,ua,50.317117,30.298167,67.208,77,0,2.0
235,zeya,ru,53.7359301,127.2585213,68.81000000000009,60,27,1.96
236,zhezkazgan,kz,47.79636559999999,67.7020019,70.7,55,55,7.28
237,tubruq,ly,32.0681759,23.941751,73.92200000000004,86,0,7.51
238,flinders,au,-38.474,145.022,43.754000000000055,86,0,8.07
239,dmitriyev-lgovskiy,ru,52.12767059999999,35.08130999999999,60.27800000000006,97,76,3.15
240,husavik,is,66.0449706,-17.3383442,53.6,58,0,4.6
241,lithakia,gr,37.7192639,20.8283941,71.6,88,0,1.69
242,lucea,jm,18.4504186,-78.17639369999999,79.75400000000005,78,75,3.1
243,faanui,pf,-16.5004126,-151.7414904,73.94000000000003,83,20,11.35
244,issy-les-moulineaux,fr,48.8245306,2.2743419,68.70200000000008,72,90,4.1
245,lida,by,53.8904386,25.3028153,58.352000000000075,89,88,3.09
246,manzhouli,cn,49.597841,117.378529,62.11400000000003,80,100,1.96
247,somerset,us,38.8942671,-94.7808002,90.19400000000007,52,1,5.7
248,pevek,ru,69.7029321,170.307033,34.32200000000004,96,100,6.27
249,fayaoue,nc,-20.6539376,166.5401527,69.65600000000003,58,0,7.17
250,chifeng,cn,42.25785,118.886931,66.50600000000003,77,89,1.45
251,ishigaki,jp,24.4064027,124.1754442,83.78600000000007,84,100,9.49
252,chernyshevskiy,ru,63.0250384,112.4902494,68.792,61,19,0.79
253,sinkat,sd,18.8320729,36.8304102,87.53000000000004,26,81,2.99
254,sorland,no,67.6635735,12.6926738,46.958000000000006,82,96,12.28
255,huarmey,pe,-10.0664169,-78.1506824,67.13600000000008,70,26,4.7
256,samarai,pg,-10.6120235,150.6640758,78.44000000000003,85,63,7.07
257,bafq,ir,31.6216425,55.41393919999999,83.33600000000007,17,0,3.61
258,shahrud,ir,36.4062241,55.01626899999999,69.15200000000007,52,0,3.36
259,lesogorsk,ru,50.920068,128.4799681,63.518000000000086,73,8,3.19
260,tonantins,br,-2.7915832,-67.6662231,81.46400000000003,87,58,1.74
261,awjilah,ly,29.09058499999999,21.3321974,79.62800000000007,39,0,6.52
262,ovalle,cl,-30.604304,-71.19698819999999,64.63399999999999,40,39,1.25
263,sao desiderio,br,-12.3576313,-44.9772871,76.62200000000004,44,0,1.78
264,san policarpo,ph,12.2046953,125.4781649,79.89800000000002,80,43,1.15
265,caluquembe,ao,-13.7866658,14.687936,52.95200000000008,40,0,0.92
266,bosaso,so,11.2755407,49.1878994,95.9,38,98,10.4
267,sao filipe,cv,14.8951679,-24.4945636,73.058,78,2,2.77
268,benguela,ao,-12.5905158,13.416501,68.84600000000006,87,17,2.23
269,meulaboh,id,4.1436951,96.12811459999999,76.55000000000001,89,100,1.95
270,esmeraldas,ec,0.9681789,-79.6517202,78.7100000000001,82,73,6.95
271,leningradskiy,ru,55.7760848,37.655356,67.91000000000008,55,100,3.0
272,jinxiang,cn,35.066619,116.311532,69.63800000000005,87,60,1.81
273,praia da vitoria,pt,38.7339162,-27.0646976,66.2,93,75,3.73
274,kholm-zhirkovskiy,ru,55.5109828,33.4866279,54.59000000000002,98,51,2.77
275,grand bend,ca,43.3130397,-81.75622419999999,74.67800000000007,86,4,1.34
276,noyabrsk,ru,63.1969949,75.44238469999999,43.44800000000002,95,26,3.65
277,srednekolymsk,ru,67.43730699999999,153.728674,53.978000000000065,51,0,4.33
278,puerto penasco,mx,31.3268218,-113.5311843,80.00600000000003,78,0,5.81
279,labuhan,id,-6.372081,105.832298,77.75600000000003,84,90,2.24
280,dabola,gn,10.7297806,-11.1107854,74.69600000000005,87,67,0.67
281,carora,ve,10.1814384,-70.073769,92.858,31,49,5.49
282,gravdal,no,68.1203112,13.5365569,46.25600000000003,86,100,9.22
283,umzimvubu,za,-30.7781755,28.9528645,39.92000000000006,80,2,1.14
284,naryan-mar,ru,67.67100669999999,53.1078339,53.45600000000003,73,100,4.71
285,bang saphan,th,11.2140512,99.51176699999999,76.76600000000002,90,98,1.64
286,maghama,mr,15.5121868,-12.8486076,99.62600000000009,30,45,1.57
287,vardo,no,70.37063979999999,31.1095471,42.8,100,75,11.3
288,rorvik,no,64.8620756,11.2373374,48.2,61,75,6.7
289,taltal,cl,-25.3101988,-69.8613827,61.682000000000016,26,0,3.3
290,menongue,ao,-14.6594083,17.6984879,52.62800000000007,42,0,1.97
291,olinda,br,-7.990632100000001,-34.8416598,80.6,74,40,5.1
292,marsa matruh,eg,31.3543445,27.2373159,73.4,83,40,4.6
293,paita,pe,-5.0938488,-81.0962172,69.74600000000005,69,0,7.6
294,whitefish,us,48.4106373,-114.3352652,51.602000000000075,93,90,7.7
295,usogorsk,ru,63.4314445,48.71110059999999,48.056000000000026,70,100,2.87
296,bulolo,pg,-7.203579500000001,146.6401634,69.94400000000007,77,100,0.39
297,kautokeino,no,69.0180912,23.0470391,40.891999999999996,92,100,8.4
298,ulagan,ru,50.643139,87.950638,48.398000000000025,85,100,0.6
299,meyungs,pw,7.352715099999999,134.4488579,77.0,88,75,0.99
300,mandalgovi,mn,45.7631589,106.2650297,61.772000000000034,54,21,5.38
301,tual,id,-5.626563,132.7520867,78.89000000000001,84,96,8.25
302,gondar,et,12.6030181,37.4521319,60.76400000000004,77,67,2.02
303,vestmanna,fo,62.16316999999999,-7.165286099999999,48.2,66,98,4.1
304,pahasu,in,28.1748459,78.0623403,91.14800000000002,47,0,4.55
305,khatanga,ru,71.964027,102.4406129,67.65800000000002,66,16,1.48
306,makakilo city,us,21.3469444,-158.0858333,83.62400000000002,58,75,4.1
307,puerto baquerizo moreno,ec,-0.9031235,-89.61089419999999,71.6,88,90,8.2
308,itarema,br,-3.0318593,-39.8579118,84.2,70,0,4.1
309,shingu,jp,33.7241203,135.9924819,75.14600000000004,92,100,5.65
310,lima,pe,-12.0463731,-77.042754,64.09400000000008,74,84,3.92
311,aden,ye,12.7854969,45.0186548,88.358,68,97,4.37
312,drovyanaya,ru,51.5800782,113.0446632,53.6,93,90,0.81
313,coihaique,cl,-45.5712254,-72.068265,39.2,80,90,1.0
314,comodoro rivadavia,ar,-45.8656149,-67.4822429,42.8,87,75,1.0
315,kadoma,zw,-18.3269371,29.9162276,53.34800000000003,76,0,3.92
316,orje,no,59.4805101,11.6602541,56.696000000000055,87,10,2.1
317,viransehir,tr,37.235867,39.762378,82.54400000000007,28,79,4.21
318,dakoro,ne,14.5089177,6.7654595,92.62400000000002,35,0,4.5
319,havre-saint-pierre,ca,50.24181400000001,-63.598569,73.4,64,1,3.1
320,togitsu,jp,32.8288776,129.8485596,70.53800000000004,83,64,4.75
321,clarence town,bs,23.0984997,-74.96617549999999,83.84000000000003,70,36,4.64
322,mashhad,ir,36.2604623,59.6167549,71.6,21,0,2.1
323,salalah,om,17.0193843,54.11075049999999,84.2,89,75,4.1
324,lebu,cl,-37.6097143,-73.6483294,53.150000000000006,89,100,7.72
325,havelock,us,34.8790492,-76.9013301,79.50200000000008,65,1,1.5
326,zhigansk,ru,66.75206399999999,123.3941119,69.9260000000001,52,41,2.86
327,presidencia roque saenz pena,ar,-26.8004428,-60.4312354,60.602000000000075,49,0,3.63
328,mount gambier,au,-37.8284212,140.7803529,42.8,87,0,5.1
329,kangaatsiaq,gl,68.30737839999999,-53.4569232,41.108000000000004,85,96,6.16
330,dawlatabad,af,36.9838961,66.7962869,81.57200000000003,13,40,4.1
331,udachnyy,ru,66.407021,112.2977807,69.80000000000001,40,0,2.0
332,simdega,in,22.6151138,84.4959985,81.96800000000009,65,89,0.84
333,luderitz,na,-26.6420382,15.1639082,69.80000000000001,21,0,3.6
334,fort nelson,ca,58.8050174,-122.697236,68.0,56,75,1.0
335,parati,br,-23.2200382,-44.7204287,70.95200000000008,66,100,2.59
336,dedza,mw,-14.3816618,34.3254842,50.21600000000001,94,0,2.81
337,biu,ng,10.6116811,12.1918637,70.44800000000004,86,43,0.92
338,nam dinh,vn,20.4388225,106.1621053,83.51600000000002,82,100,1.55
339,yuancheng,cn,23.733969,114.702517,78.458,84,100,1.02
340,hambantota,lk,6.1428829,81.12123079999999,80.40200000000007,82,100,6.18
341,alofi,nu,-19.0553711,-169.9178709,80.6,88,75,5.1
342,nhulunbuy,au,-12.1825,136.781944,68.0,100,34,1.5
343,vilanova del cami,es,41.564678,1.6323607,72.842,78,1,0.45
344,ranong,th,9.9528702,98.60846409999999,80.97800000000007,80,100,2.72
345,zapolyarnyy,ru,69.4263825,30.820831,42.8,100,90,10.3
346,itacarambi,br,-15.0738149,-44.13404389999999,73.34600000000006,60,52,0.49
347,batticaloa,lk,7.730997100000001,81.6747295,81.48200000000003,72,88,1.33
348,alice springs,au,-23.698042,133.8807471,42.8,38,0,2.48
349,serenje,zm,-13.2325565,30.2339635,56.3,89,1,5.05
350,micheweni,tz,-4.9839819,39.7549511,75.21800000000009,84,1,4.55
351,honiara,sb,-9.4456381,159.9728999,73.4,100,20,1.5
352,krugersdorp,za,-26.0963217,27.8076959,49.15400000000005,43,0,3.1
353,lamu,ke,-2.2695575,40.9006408,78.08000000000004,80,26,7.9
354,boguchany,ru,58.366667,97.44999999999999,55.25600000000003,88,15,0.68
355,louisbourg,ca,45.9221352,-59.9713119,63.48200000000001,94,100,2.68
356,te anau,nz,-45.4144515,167.718053,37.70600000000003,86,90,1.54
357,narsaq,gl,60.9129622,-46.0504831,53.6,54,75,5.1
358,golyshmanovo,ru,56.4661404,68.6021557,51.29600000000005,95,100,3.1
359,yarega,ru,63.43408,53.57853619999999,44.852000000000075,78,100,2.04
360,adrar,dz,28.0174403,-0.2642497,107.60000000000001,9,33,2.1
361,mashpee,us,41.647872,-70.4819674,71.25800000000001,78,75,4.6
362,karaul,ru,57.004264,55.91024410000001,41.108000000000004,91,0,0.94
363,joaima,br,-16.6552786,-41.0253992,68.03600000000007,89,79,1.03
364,gwembe,zm,-16.5002573,27.5906715,56.408,59,0,0.82
365,svetlogorsk,ru,54.9394562,20.1584706,60.8,87,40,4.0
366,batemans bay,au,-35.7143871,150.1794707,43.88000000000004,89,0,2.26
367,iquique,cl,-20.2307033,-70.1356692,62.6,67,75,5.1
368,niquero,cu,20.0390282,-77.5791358,85.94600000000005,62,63,2.01
369,pangnirtung,ca,66.1465578,-65.7012182,37.4,93,75,4.6
370,abu dhabi,ae,24.453884,54.3773438,89.74400000000009,75,0,2.6
371,high level,ca,58.50706640000001,-117.1403406,77.0,41,75,6.2
372,beira,mz,-19.8315949,34.8370183,69.38600000000008,77,7,2.6
373,oistins,bb,13.0705904,-59.54695439999999,77.0,88,90,8.7
374,merrill,us,36.07256390000001,-95.92347029999999,89.56400000000004,59,90,7.2
375,stepnyak,kz,52.8324256,70.7926622,54.71600000000001,93,99,2.14
376,vallenar,cl,-28.5757953,-70.7571009,73.38200000000002,20,0,2.12
377,edeia,br,-17.3394091,-49.9342145,74.04800000000003,48,2,2.99
378,san jeronimo,mx,31.713671,-106.4133507,92.51600000000002,13,5,7.7
379,sabang,id,5.8926053,95.3237608,82.16600000000001,75,64,2.35
380,angoche,mz,-16.2162656,39.914466,70.75400000000005,86,9,4.57
381,iqaluit,ca,63.74669300000001,-68.5169669,44.294000000000075,70,40,3.6
382,aksu,cn,41.167548,80.263387,70.84400000000008,25,20,1.45
383,takoradi,gh,4.9015794,-1.7830973,75.092,85,12,3.37
384,ambon,id,-3.6386665,128.1688559,78.99800000000002,14,96,4.68
385,khandagayty,ru,50.736845,92.06527799999999,59.07200000000004,78,57,2.1
386,pemangkat,id,1.1552999,108.985882,76.17200000000004,86,22,1.98
387,abha,sa,18.2464685,42.5117238,76.87400000000002,44,20,1.01
388,carutapera,br,-1.2097936,-46.022953,77.792,85,0,2.45
389,lebedyn,ua,50.5837638,34.4904643,63.788000000000046,96,25,3.54
390,cowra,au,-33.8281444,148.6778504,42.008,78,0,1.43
391,kreminna,ua,49.04222679999999,38.2176555,70.34000000000003,65,11,2.0
392,walvis bay,na,-22.9584081,14.5057511,68.0,27,0,5.32
393,scottsburgh,za,-30.2862643,30.7551101,58.208000000000006,81,100,1.34
394,kargopol,ru,61.2054851,38.7849276,58.352000000000075,74,100,7.71
395,korla,cn,41.725891,86.17463300000001,71.816,21,0,4.99
396,kipushi,cd,-11.7602273,27.2499749,58.56800000000008,62,44,2.43
397,rawlins,us,41.7910697,-107.2386627,51.8,71,75,4.1
398,bolshiye uki,ru,56.950877,72.63273099999999,53.00600000000003,97,100,5.42
399,hualmay,pe,-11.0883431,-77.61065119999999,65.87600000000009,73,81,4.9
400,irbil,iq,36.190073,43.9930303,78.80000000000001,24,0,1.5
401,cordoba,es,37.8881751,-4.7793835,86.0,45,0,5.1
402,ouagadougou,bf,12.3714277,-1.5196603,89.6,52,20,1.5
403,baley,ru,51.57745560000001,116.648467,58.55,82,6,0.74
404,damietta,eg,31.4175388,31.81444339999999,78.80000000000001,74,0,5.1
405,pacific grove,us,36.6177374,-121.9166215,68.81000000000009,53,1,4.1
406,finnsnes,no,69.232038,17.9808554,46.4,75,75,2.1
407,varhaug,no,58.61470999999999,5.6457295,56.93000000000004,77,75,7.2
408,necochea,ar,-38.5544968,-58.73960879999999,48.992,85,100,4.02
409,beckley,us,37.7781702,-81.1881557,77.61200000000005,65,20,2.6
410,pimenta bueno,br,-11.6724022,-61.1984677,84.68600000000006,60,63,1.41
411,itoman,jp,26.1236704,127.6657634,82.90400000000005,94,75,8.2
412,dingtao,cn,35.071102,115.573036,71.18600000000006,88,96,2.33
413,besuki,id,-7.752779100000001,113.697829,77.14400000000008,71,0,1.72
414,storforshei,no,66.4016108,14.5354519,47.768000000000086,70,75,1.5
415,nabire,id,-3.3722254,135.5016253,73.958,89,100,1.93
416,charters towers,au,-20.0769637,146.2601362,59.66600000000001,93,84,4.0
417,chegdomyn,ru,51.1224657,132.9912652,62.45600000000003,70,53,0.44
418,tezu,in,27.9276542,96.1533094,76.47800000000007,78,100,1.19
419,homer,us,36.5208983,-93.39601809999999,87.674,62,75,5.1
420,san alberto,co,7.7636684,-73.3932117,85.83800000000005,69,47,1.36
421,bocana de paiwas,ni,12.7878653,-85.1233,83.24600000000005,76,78,4.55
422,karacabey,tr,40.216037,28.359,69.80000000000001,60,0,3.1
423,tilichiki,ru,60.43333299999999,166.0486109,52.30400000000006,44,70,8.57
424,namie,jp,37.4954732,141.0017195,71.31200000000007,95,100,0.45
425,winder,us,33.9926097,-83.7201709,86.82800000000006,45,40,7.2
426,omboue,ga,-1.575187,9.2591571,71.47400000000002,85,7,2.22
427,nador,ma,35.1686165,-2.9275836,76.17200000000004,78,20,1.0
428,rantepao,id,-2.9703732,119.8757349,65.44400000000007,89,81,0.56
429,arauca,co,7.076172,-70.71045699999999,80.6,78,75,1.9
430,bambous virieux,mu,-20.3438619,57.7636821,64.68800000000005,93,20,2.1
431,guhagar,in,17.4640665,73.19600319999999,78.24199999999999,89,100,2.31
432,libenge,cd,3.6489578,18.6353764,70.37600000000009,96,82,0.74
433,rundu,na,-17.9253295,19.7532148,62.6,25,0,2.1
434,chagda,ru,58.75177799999999,130.6163939,62.22200000000004,59,0,1.39
435,lompoc,us,34.6391501,-120.4579409,65.984,68,7,6.7
436,setermoen,no,68.8609902,18.3485696,46.4,75,75,2.1
437,kendari,id,-3.9984597,122.5129742,72.21200000000006,94,9,1.05
438,aiquile,bo,-18.2051683,-65.1815488,72.48200000000003,20,0,4.68
439,quelimane,mz,-17.8502636,36.9218584,73.20200000000008,69,40,3.1
440,tunxi,cn,29.696108,118.315329,73.47200000000004,92,45,0.25
441,alto araguaia,br,-17.31657,-53.21704519999999,73.68800000000005,55,97,2.48
442,yerbogachen,ru,61.2776586,108.0136671,67.29800000000003,64,51,0.87
443,katangli,ru,51.709626,143.244026,49.67600000000009,79,35,1.69
444,sheboygan,us,43.7508284,-87.71453,83.10200000000009,66,1,3.6
445,mindelheim,de,48.0461744,10.4948841,62.87000000000006,77,0,4.1
446,teul,mx,21.4658511,-103.4598473,73.79600000000005,60,67,2.27
447,umm lajj,sa,25.026409,37.27076,82.65200000000007,56,0,3.69
448,pochutla,mx,15.7489259,-96.4672856,89.29400000000007,59,75,5.1
449,rio branco,br,-9.975337399999999,-68.42932139999999,87.31400000000004,51,36,0.96
450,kriel,za,-26.2551061,29.2633978,42.998000000000026,88,0,0.45
451,rocha,uy,-34.4809769,-54.3307438,55.85,96,100,5.94
452,tanjong sepat,my,2.665308,101.5576981,78.40400000000005,88,20,1.5
453,kutum,sd,14.2025174,24.6638251,77.9,50,28,4.22
454,inhambane,mz,-23.8662153,35.3826756,67.5680000000001,83,77,5.12
455,el faiyum,eg,29.3084021,30.8428497,75.00200000000008,41,0,4.38
456,rungata,ki,-1.3493599,176.445007,82.54400000000007,73,4,4.8
457,nanning,cn,22.817002,108.366543,80.6,88,100,1.0
458,phan rang,vn,11.5825677,108.9912066,80.6,83,75,2.67
459,kudat,my,6.883057099999999,116.8466165,82.20200000000008,78,75,1.5
460,okhotsk,ru,59.35845999999999,143.2034909,57.88399999999999,54,0,6.65
461,disna,by,55.5663138,28.2139149,57.14600000000005,90,100,3.14
462,osoyoos,ca,49.032304,-119.468163,68.97200000000004,63,75,2.1
463,kattivakkam,in,13.2161325,80.31817699999999,82.4,78,75,2.1
464,dalton,us,37.2691899,-97.2725432,94.316,53,40,8.7
465,upata,ve,8.0093062,-62.40155360000001,82.00400000000005,78,100,1.34
466,sao joao da barra,br,-21.633614,-41.049001,75.2,64,37,7.2
467,gigmoto,ph,13.7912671,124.3532417,75.79400000000007,89,31,2.43
468,aykhal,ru,65.94171899999999,111.4881131,69.80000000000001,40,12,2.0
469,hofn,is,64.24970259999999,-15.2020077,44.15,77,80,3.41
470,estelle,us,44.9341422,-93.1767928,87.42200000000004,62,75,7.2
471,aasiaat,gl,68.70697659999999,-52.85912219999999,41.14400000000008,79,83,4.56
472,solnechnyy,ru,50.7180855,136.6376379,62.438000000000045,69,78,2.4
473,motygino,ru,58.1816803,94.70477559999999,55.09400000000008,77,35,1.38
474,lazaro cardenas,mx,32.5266039,-117.0985305,71.79800000000003,56,20,5.1
475,pousat,kh,12.2720956,103.7289167,73.00400000000005,95,100,1.21
476,esperance,au,-33.8613103,121.8914238,48.2,81,40,9.3
477,freeport,us,28.9541368,-95.35966169999999,86.86400000000003,79,26,8.05
478,pingliang,cn,35.543061,106.665131,69.63800000000005,44,100,2.2
479,kasongo,cd,-4.4238447,26.6700737,78.38600000000008,41,92,1.13
480,kupang,id,-10.1771997,123.6070329,71.51000000000008,87,14,3.51
481,wenling,cn,28.372506,121.385604,80.00600000000003,57,88,2.04
482,alyangula,au,-13.8528647,136.4224871,62.6,100,4,0.5
483,kalispell,us,48.1919889,-114.316813,50.86400000000003,93,90,7.7
484,douglas,us,38.9107835,-95.26844369999999,89.49199999999999,55,20,6.7
485,kigorobya,ug,1.6195446,31.3026883,67.892,86,69,1.12
486,isangel,vu,-19.54172,169.2803499,68.9,63,4,5.99
487,sabzevar,ir,36.2151823,57.6678228,74.174,20,20,4.79
488,wanganui,nz,-39.9300887,175.0478901,46.99400000000007,63,77,11.62
489,gerash,ir,27.6903817,54.1501922,86.0,42,0,0.34
490,la ronge,ca,55.10823,-105.285989,57.2,93,90,6.7
491,turukhansk,ru,65.79585999999999,87.962418,52.196000000000055,86,26,6.25
492,katangi,in,21.7704644,79.804459,81.19400000000007,73,0,1.9
493,brasileia,br,-11.0136887,-68.7453799,86.54000000000002,54,80,1.0
494,zalantun,cn,48.01373299999999,122.737467,61.610000000000085,82,78,2.66
495,kingisepp,ru,59.3801537,28.61908,56.174000000000014,87,88,3.48
496,verkhnyaya sinyachikha,ru,57.99683220000001,61.691087,41.61200000000006,93,7,1.69
497,bonavista,ca,48.6533449,-53.11182489999999,61.10600000000003,93,99,5.75
498,nemuro,jp,43.3301005,145.5828181,55.47200000000004,100,100,3.55
499,boyolangu,id,-8.1195357,111.8942801,74.33600000000007,90,85,1.98
500,tezpur,in,26.6528495,92.7925592,77.32400000000001,93,87,0.9
